﻿<?xml version="1.0" encoding="UTF-8" standalone="yes"?>
<addon id="repository.spankthemonkey" name="spank the monkey Repository" version="1.0.0" provider-name="spankthemonkey">
	<extension point="xbmc.addon.repository" name="spankthemonkey Addon Repository">
		<info compressed="false">https://raw.githubusercontent.com/djjohnnyb15/spankthemonkey/master/addon/addons.xml</info>
                <checksum>https://raw.githubusercontent.com/djjohnnyb15/spankthemonkey/master/addon/addons.xml.md5</checksum>
                <datadir zip="true">https://raw.githubusercontent.com/djjohnnyb15/spankthemonkey/master/addon/</datadir>
	</extension>
	<extension point="xbmc.addon.metadata">
		<summary>The Best [COLOR red][B]XXX[/COLOR][/B] addon for [COLOR red][B]FULL LENGTH[/COLOR][/B] movies on XBMC/KODI</summary>
		<description>The Best [COLOR red][B]XXX[/COLOR][/B] addon for [COLOR red][B]FULL LENGTH[/COLOR][/B] movies on XBMC/KODI, Follow us on twitter [COLOR blue][B]@spankthemonkey[/COLOR][/B] for updates and to request movies. </description>
		<platform>all</platform>
	</extension>
</addon>

